rank,game,config,rtp,house_edge,std_per_unit,variance_per_unit,survival_prob
1,video_poker,9/6 Jacks or Better,0.9954390436951225,0.004560956304877517,4.417541898735777,19.514676427086098,0.9550597965984327
2,blackjack,"basic strategy (S17, DAS, resplit to 4, 3:2)",0.9948826636316106,0.005117336368389364,1.1537516285167475,1.331142820305047,0.9999999999999807
3,plinko,"high, 11 rows",0.9916015625,0.0083984375,4.125829435246634,17.022468528747556,0.9667294474294772
4,plinko,"medium, 9 rows",0.99140625,0.00859375,1.280809518414404,1.6404730224609374,0.9999999999918678
5,plinko,"high, 12 rows",0.991162109375,0.008837890625,4.380744556379863,19.190922868251803,0.9548827152343692
6,plinko,"high, 13 rows",0.990869140625,0.009130859375,4.846888562447261,23.492328736782078,0.9298072614310482
7,keno,"low, 9 picks",0.9906886394502493,0.009311360549750642,1.1559585018281355,1.3362400579487477,0.9999999999999598
8,plinko,"high, 8 rows",0.990625,0.009375,2.6704820930639097,7.131474609375,0.9989490708034917
9,plinko,"high, 9 rows",0.990625,0.009375,2.9435161133200882,8.664287109374998,0.9970556628752779
10,plinko,"high, 10 rows",0.990625,0.009375,3.6442632035673546,13.280654296874998,0.983767117768525
11,keno,"classic, 2 picks",0.9903846153846154,0.009615384615384616,1.255336242940606,1.5758690828402364,0.999999999996523
12,keno,"classic, 10 picks",0.9903735207309311,0.009626479269068903,1.3591430492057466,1.8472698282042945,0.999999999868918
13,plinko,"high, 15 rows",0.990264892578125,0.009735107421875,6.005098324495876,36.06120588686318,0.8561268373042268
14,plinko,"medium, 11 rows",0.990234375,0.009765625,1.115717933694874,1.244826507568359,0.9999999999999949
15,keno,"classic, 8 picks",0.9902282806307574,0.00977171936924259,2.0641545872256977,4.2607341599648905,0.9999768639190448
16,keno,"classic, 3 picks",0.9901821862348178,0.009817813765182187,1.4445117295642365,2.0866141368486617,0.9999999984933794
17,keno,"low, 6 picks",0.9900837071889703,0.009916292811029653,6.880046378480057,47.33503817003655,0.7981902323307906
18,keno,"high, 10 picks",0.9900832270439281,0.009916772956071868,3.600370442998999,12.962667326820808,0.9848948308749075
19,keno,"low, 8 picks",0.9900417965433446,0.00995820345665547,1.814278475943914,3.291606388273371,0.999998504078891
20,plinko,"low, 11 rows",0.9900390625,0.0099609375,0.4415420404379645,0.1949593734741211,1.0
21,plinko,"low, 10 rows",0.9900390625,0.0099609375,0.5271147868103504,0.2778499984741212,1.0
22,plinko,"low, 15 rows",0.990008544921875,0.009991455078125,0.4100479320367429,0.1681393065676093,1.0
23,plinko,"low, 14 rows",0.99000244140625,0.00999755859375,0.3189665318360839,0.10173964843153954,1.0
24,mines,"1 mines, 1 picks",0.99,0.01,0.2020829037796122,0.0408375,1.0
25,mines,"1 mines, 2 picks",0.99,0.01,0.2919350731866963,0.08522608695652173,1.0
26,mines,"2 mines, 1 picks",0.99,0.01,0.2919350731866963,0.08522608695652173,1.0
27,mines,"1 mines, 3 picks",0.99,0.01,0.36558172820861823,0.13365000000000002,1.0
28,mines,"3 mines, 1 picks",0.99,0.01,0.36558172820861823,0.13365000000000002,1.0
29,mines,"2 mines, 2 picks",0.99,0.01,0.426701198783737,0.18207391304347825,1.0
30,mines,"1 mines, 4 picks",0.99,0.01,0.4320714226672649,0.18668571428571426,1.0
31,mines,"4 mines, 1 picks",0.99,0.01,0.4320714226672649,0.18668571428571426,1.0
32,mines,"1 mines, 5 picks",0.99,0.01,0.495,0.245025,1.0
33,mines,"5 mines, 1 picks",0.99,0.01,0.495,0.245025,1.0
34,wheel,"10 segments, low",0.99,0.01,0.5028916384272063,0.2529,1.0
35,wheel,"20 segments, low",0.99,0.01,0.5028916384272063,0.2529,1.0
36,wheel,"30 segments, low",0.99,0.01,0.5028916384272063,0.2529,1.0
37,wheel,"40 segments, low",0.99,0.01,0.5028916384272063,0.2529,1.0
38,wheel,"50 segments, low",0.99,0.01,0.5028916384272063,0.2529,1.0
39,mines,"2 mines, 3 picks",0.99,0.01,0.5410703677500209,0.2927571428571429,1.0
40,mines,"3 mines, 2 picks",0.99,0.01,0.5410703677500209,0.2927571428571429,1.0
41,mines,"1 mines, 6 picks",0.99,0.01,0.5563319720795262,0.3095052631578947,1.0
42,mines,"6 mines, 1 picks",0.99,0.01,0.5563319720795262,0.3095052631578947,1.0
43,mines,"1 mines, 7 picks",0.99,0.01,0.6173734688177003,0.38114999999999993,1.0
44,mines,"7 mines, 1 picks",0.99,0.01,0.6173734688177003,0.38114999999999993,1.0
45,mines,"2 mines, 4 picks",0.99,0.01,0.6481071340008974,0.42004285714285716,1.0
46,mines,"4 mines, 2 picks",0.99,0.01,0.6481071340008974,0.42004285714285716,1.0
47,mines,"1 mines, 8 picks",0.99,0.01,0.679134397164335,0.4612235294117647,1.0
48,mines,"8 mines, 1 picks",0.99,0.01,0.679134397164335,0.4612235294117647,1.0
49,mines,"3 mines, 3 picks",0.99,0.01,0.6954751715810668,0.4836857142857142,1.0
50,mines,"1 mines, 9 picks",0.99,0.01,0.7425,0.5513062500000001,1.0
51,mines,"9 mines, 1 picks",0.99,0.01,0.7425,0.5513062500000001,1.0
52,mines,"2 mines, 5 picks",0.99,0.01,0.7532770511501553,0.5674263157894737,1.0
53,mines,"5 mines, 2 picks",0.99,0.01,0.7532770511501553,0.5674263157894737,1.0
54,mines,"1 mines, 10 picks",0.99,0.01,0.8083316151184488,0.6534,1.0
55,mines,"10 mines, 1 picks",0.99,0.01,0.8083316151184488,0.6534,1.0
56,mines,"3 mines, 4 picks",0.99,0.01,0.8454642360479183,0.7148097744360902,1.0
57,mines,"4 mines, 3 picks",0.99,0.01,0.8454642360479183,0.7148097744360902,1.0
58,mines,"2 mines, 6 picks",0.99,0.01,0.8598684109853822,0.7393736842105262,1.0
59,mines,"6 mines, 2 picks",0.99,0.01,0.8598684109853822,0.7393736842105262,1.0
60,mines,"1 mines, 11 picks",0.99,0.01,0.8775412078236391,0.7700785714285713,1.0
61,mines,"11 mines, 1 picks",0.99,0.01,0.8775412078236391,0.7700785714285713,1.0
62,mines,"1 mines, 12 picks",0.99,0.01,0.9511612336022176,0.9047076923076923,1.0
63,mines,"12 mines, 1 picks",0.99,0.01,0.9511612336022176,0.9047076923076923,1.0
64,mines,"2 mines, 7 picks",0.99,0.01,0.9703940982314108,0.9416647058823528,1.0
65,mines,"7 mines, 2 picks",0.99,0.01,0.9703940982314108,0.9416647058823528,1.0
66,mines,"3 mines, 5 picks",0.99,0.01,0.9986464523754667,0.9972947368421052,1.0
67,mines,"5 mines, 3 picks",0.99,0.01,0.9986464523754667,0.9972947368421052,1.0
68,wheel,"20 segments, medium",0.99,0.01,1.028056418685278,1.0568999999999997,1.0
69,mines,"1 mines, 13 picks",0.99,0.01,1.0304246697357358,1.0617750000000001,1.0
70,mines,"13 mines, 1 picks",0.99,0.01,1.0304246697357358,1.0617750000000001,1.0
71,mines,"4 mines, 4 picks",0.99,0.01,1.044727902842383,1.0914563909774437,0.9999999999999999
72,wheel,"10 segments, medium",0.99,0.01,1.063437821407533,1.1309000000000002,0.9999999999999998
73,wheel,"40 segments, medium",0.99,0.01,1.0648474069086142,1.1339,0.9999999999999998
74,mines,"2 mines, 8 picks",0.99,0.01,1.087145479739325,1.181885294117647,0.999999999999999
75,mines,"8 mines, 2 picks",0.99,0.01,1.087145479739325,1.181885294117647,0.999999999999999
76,wheel,"30 segments, medium",0.99,0.01,1.0952473084498617,1.1995666666666667,0.9999999999999983
77,mines,"1 mines, 14 picks",0.99,0.01,1.1168706281391771,1.2474,0.9999999999999943
78,mines,"14 mines, 1 picks",0.99,0.01,1.1168706281391771,1.2474,0.9999999999999943
79,wheel,"50 segments, medium",0.99,0.01,1.1335342959081565,1.2849,0.999999999999986
80,mines,"3 mines, 6 picks",0.99,0.01,1.160278737729002,1.3462467492260062,0.9999999999999448
81,mines,"6 mines, 3 picks",0.99,0.01,1.160278737729002,1.3462467492260062,0.9999999999999448
82,mines,"1 mines, 15 picks",0.99,0.01,1.2124974226776732,1.4701500000000003,0.999999999999378
83,mines,"15 mines, 1 picks",0.99,0.01,1.2124974226776732,1.4701500000000003,0.999999999999378
84,mines,"2 mines, 9 picks",0.99,0.01,1.2124974226776732,1.4701500000000003,0.999999999999378
85,mines,"9 mines, 2 picks",0.99,0.01,1.2124974226776732,1.4701500000000003,0.999999999999378
86,mines,"4 mines, 5 picks",0.99,0.01,1.2565354846356735,1.578881424148607,0.999999999996178
87,mines,"5 mines, 4 picks",0.99,0.01,1.2565354846356735,1.578881424148607,0.999999999996178
88,mines,"1 mines, 16 picks",0.99,0.01,1.32,1.7424000000000002,0.9999999999615883
89,mines,"16 mines, 1 picks",0.99,0.01,1.32,1.7424000000000002,0.9999999999615883
90,mines,"3 mines, 7 picks",0.99,0.01,1.3350793102680762,1.7824367647058823,0.9999999999366003
91,mines,"7 mines, 3 picks",0.99,0.01,1.3350793102680762,1.7824367647058823,0.9999999999366003
92,mines,"10 mines, 2 picks",0.99,0.01,1.349142584861109,1.8201857142857145,0.9999999999003224
93,mines,"2 mines, 10 picks",0.99,0.01,1.349142584861109,1.8201857142857145,0.9999999999003224
94,mines,"1 mines, 17 picks",0.99,0.01,1.4431605939742118,2.0827125,0.9999999985202277
95,mines,"17 mines, 1 picks",0.99,0.01,1.4431605939742118,2.0827125,0.9999999985202277
96,mines,"4 mines, 6 picks",0.99,0.01,1.4895055488939135,2.2186267801857587,0.9999999953333251
97,mines,"6 mines, 4 picks",0.99,0.01,1.4895055488939135,2.2186267801857587,0.9999999953333251
98,mines,"11 mines, 2 picks",0.99,0.01,1.5003329300854864,2.250998901098901,0.9999999939876791
99,mines,"2 mines, 11 picks",0.99,0.01,1.5003329300854864,2.250998901098901,0.9999999939876791
100,mines,"3 mines, 8 picks",0.99,0.01,1.5280523936197539,2.3349441176470593,0.9999999887709359
101,mines,"8 mines, 3 picks",0.99,0.01,1.5280523936197539,2.3349441176470593,0.9999999887709359
102,mines,"5 mines, 5 picks",0.99,0.01,1.5422590960001004,2.378563119195047,0.9999999847294855
103,mines,"1 mines, 18 picks",0.99,0.01,1.587531776959801,2.5202571428571434,0.9999999614444397
104,mines,"18 mines, 1 picks",0.99,0.01,1.587531776959801,2.5202571428571434,0.9999999614444397
105,mines,"12 mines, 2 picks",0.99,0.01,1.6701842367282074,2.7895153846153846,0.9999998264821853
106,mines,"2 mines, 12 picks",0.99,0.01,1.6701842367282074,2.7895153846153846,0.9999998264821853
107,keno,"classic, 1 picks",0.99,0.01,1.7147302994931886,2.9403,0.9999996421801586
108,keno,"high, 1 picks",0.99,0.01,1.7147302994931886,2.9403,0.9999996421801586
109,mines,"3 mines, 9 picks",0.99,0.01,1.7450818646372193,3.045310714285714,0.9999994318428734
110,mines,"9 mines, 3 picks",0.99,0.01,1.7450818646372193,3.045310714285714,0.9999994318428734
111,mines,"4 mines, 7 picks",0.99,0.01,1.752603945058693,3.071620588235294,0.9999993651610822
112,mines,"7 mines, 4 picks",0.99,0.01,1.752603945058693,3.071620588235294,0.9999993651610822
113,mines,"1 mines, 19 picks",0.99,0.01,1.7617179115851664,3.1036500000000005,0.9999992751441567
114,mines,"19 mines, 1 picks",0.99,0.01,1.7617179115851664,3.1036500000000005,0.9999992751441567
115,mines,"13 mines, 2 picks",0.99,0.01,1.864108365948718,3.4749,0.9999971715009066
116,mines,"2 mines, 13 picks",0.99,0.01,1.864108365948718,3.4749,0.9999971715009066
117,mines,"5 mines, 6 picks",0.99,0.01,1.8703255043601532,3.4981174922600613,0.9999969490216882
118,mines,"6 mines, 5 picks",0.99,0.01,1.8703255043601532,3.4981174922600613,0.9999969490216882
119,mines,"1 mines, 20 picks",0.99,0.01,1.98,3.9204,0.999989629633021
120,mines,"20 mines, 1 picks",0.99,0.01,1.98,3.9204,0.999989629633021
121,mines,"10 mines, 3 picks",0.99,0.01,1.9935525195869932,3.974251648351649,0.9999880986740808
122,mines,"3 mines, 10 picks",0.99,0.01,1.9935525195869932,3.974251648351649,0.9999880986740808
123,mines,"4 mines, 8 picks",0.99,0.01,2.0565152666627124,4.229255042016807,0.9999781969526279
124,mines,"8 mines, 4 picks",0.99,0.01,2.0565152666627124,4.229255042016807,0.9999781969526279
125,mines,"14 mines, 2 picks",0.99,0.01,2.0894736179239017,4.365899999999999,0.9999706886694563
126,mines,"2 mines, 14 picks",0.99,0.01,2.0894736179239017,4.365899999999999,0.9999706886694563
127,mines,"5 mines, 7 picks",0.99,0.01,2.257760147215142,5.09748088235294,0.9998902527134604
128,mines,"7 mines, 5 picks",0.99,0.01,2.257760147215142,5.09748088235294,0.9998902527134604
129,mines,"1 mines, 21 picks",0.99,0.01,2.268374969003141,5.145525000000001,0.9998818383197345
130,mines,"21 mines, 1 picks",0.99,0.01,2.268374969003141,5.145525000000001,0.9998818383197345
131,mines,"11 mines, 3 picks",0.99,0.01,2.283164374380338,5.21283956043956,0.9998692448127758
132,mines,"3 mines, 11 picks",0.99,0.01,2.283164374380338,5.21283956043956,0.9998692448127758
133,mines,"6 mines, 6 picks",0.99,0.01,2.327520904389801,5.4173535603715175,0.9998247922004578
134,mines,"15 mines, 2 picks",0.99,0.01,2.3566713814191402,5.553899999999999,0.9997894591993758
135,mines,"2 mines, 15 picks",0.99,0.01,2.3566713814191402,5.553899999999999,0.9997894591993758
136,mines,"4 mines, 9 picks",0.99,0.01,2.4149810592390817,5.832133516483517,0.9997016992934757
137,mines,"9 mines, 4 picks",0.99,0.01,2.4149810592390817,5.832133516483517,0.9997016992934757
138,mines,"12 mines, 3 picks",0.99,0.01,2.62713210115576,6.901823076923077,0.9991173898392014
139,mines,"3 mines, 12 picks",0.99,0.01,2.62713210115576,6.901823076923077,0.9991173898392014
140,mines,"1 mines, 22 picks",0.99,0.01,2.680932673529867,7.187399999999999,0.9988817967769509
141,mines,"16 mines, 2 picks",0.99,0.01,2.680932673529867,7.187399999999999,0.9988817967769509
142,mines,"2 mines, 16 picks",0.99,0.01,2.680932673529867,7.187399999999999,0.9988817967769509
143,mines,"22 mines, 1 picks",0.99,0.01,2.680932673529867,7.187399999999999,0.9988817967769509
144,mines,"5 mines, 8 picks",0.99,0.01,2.7267218396730946,7.435011990950225,0.9986465825498815
145,mines,"8 mines, 5 picks",0.99,0.01,2.7267218396730946,7.435011990950225,0.9986465825498815
146,mines,"10 mines, 4 picks",0.99,0.01,2.8465554661692476,8.102878021978022,0.997858957059948
147,mines,"4 mines, 10 picks",0.99,0.01,2.8465554661692476,8.102878021978022,0.997858957059948
148,mines,"6 mines, 7 picks",0.99,0.01,2.893099451175009,8.370024434389139,0.9974781986753104
149,mines,"7 mines, 6 picks",0.99,0.01,2.893099451175009,8.370024434389139,0.9974781986753104
150,wheel,"10 segments, high",0.99,0.01,2.97,8.820900000000002,0.9967470756687912
151,mines,"13 mines, 3 picks",0.99,0.01,3.0440762145517977,9.266400000000003,0.9959135551416638
152,mines,"3 mines, 13 picks",0.99,0.01,3.0440762145517977,9.266400000000003,0.9959135551416638
153,mines,"17 mines, 2 picks",0.99,0.01,3.085607140996959,9.520971428571427,0.9953872701806358
154,mines,"2 mines, 17 picks",0.99,0.01,3.085607140996959,9.520971428571427,0.9953872701806358
155,mines,"5 mines, 9 picks",0.99,0.01,3.307764903049513,10.941308653846155,0.991790956664824
156,mines,"9 mines, 5 picks",0.99,0.01,3.307764903049513,10.941308653846155,0.991790956664824
157,mines,"1 mines, 23 picks",0.99,0.01,3.3572533416470076,11.271149999999999,0.9908002550873076
158,mines,"23 mines, 1 picks",0.99,0.01,3.3572533416470076,11.271149999999999,0.9908002550873076
159,mines,"11 mines, 4 picks",0.99,0.01,3.3772443087344333,11.40577912087912,0.9903797149692909
160,mines,"4 mines, 11 picks",0.99,0.01,3.3772443087344333,11.40577912087912,0.9903797149692909
161,mines,"14 mines, 3 picks",0.99,0.01,3.5611655395389863,12.681899999999999,0.9859514011125179
162,mines,"3 mines, 14 picks",0.99,0.01,3.5611655395389863,12.681899999999999,0.9859514011125179
163,mines,"18 mines, 2 picks",0.99,0.01,3.608507803986098,13.021328571428572,0.9846467492522369
164,mines,"2 mines, 18 picks",0.99,0.01,3.608507803986098,13.021328571428572,0.9846467492522369
165,mines,"6 mines, 8 picks",0.99,0.01,3.611798257320543,13.045086651583711,0.9845535579147341
166,mines,"8 mines, 6 picks",0.99,0.01,3.611798257320543,13.045086651583711,0.9845535579147341
167,mines,"7 mines, 7 picks",0.99,0.01,3.718099472550836,13.824263687782803,0.9813678008003395
168,mines,"10 mines, 5 picks",0.99,0.01,4.0447658485048015,16.360130769230768,0.9695097170640501
169,mines,"12 mines, 4 picks",0.99,0.01,4.0447658485048015,16.360130769230768,0.9695097170640501
170,mines,"4 mines, 12 picks",0.99,0.01,4.0447658485048015,16.360130769230768,0.9695097170640501
171,mines,"5 mines, 10 picks",0.99,0.01,4.0447658485048015,16.360130769230768,0.9695097170640501
172,mines,"15 mines, 3 picks",0.99,0.01,4.21961491133966,17.805150000000005,0.9619627877402205
173,mines,"3 mines, 15 picks",0.99,0.01,4.21961491133966,17.805150000000005,0.9619627877402205
174,mines,"19 mines, 2 picks",0.99,0.01,4.315309954105267,18.6219,0.9575101292895706
175,mines,"2 mines, 19 picks",0.99,0.01,4.315309954105267,18.6219,0.9575101292895706
176,wheel,"20 segments, high",0.99,0.01,4.315309954105267,18.6219,0.9575101292895706
177,mines,"6 mines, 9 picks",0.99,0.01,4.549196463282111,20.695188461538464,0.9457633492596196
178,mines,"9 mines, 6 picks",0.99,0.01,4.549196463282111,20.695188461538464,0.9457633492596196
179,mines,"7 mines, 8 picks",0.99,0.01,4.821329940814054,23.245222398190048,0.9307664128825655
180,mines,"8 mines, 7 picks",0.99,0.01,4.821329940814054,23.245222398190048,0.9307664128825655
181,mines,"1 mines, 24 picks",0.99,0.01,4.849989690710693,23.522400000000005,0.9291157964652171
182,mines,"24 mines, 1 picks",0.99,0.01,4.849989690710693,23.522400000000005,0.9291157964652171
183,mines,"13 mines, 4 picks",0.99,0.01,4.9058026866151065,24.066899999999997,0.9258666819073564
184,mines,"4 mines, 13 picks",0.99,0.01,4.9058026866151065,24.066899999999997,0.9258666819073564
185,mines,"11 mines, 5 picks",0.99,0.01,5.003023701107776,25.03024615384615,0.9201044179684832
186,mines,"5 mines, 11 picks",0.99,0.01,5.003023701107776,25.03024615384615,0.9201044179684832
187,mines,"16 mines, 3 picks",0.99,0.01,5.0848767368119585,25.855971428571433,0.9151603016704726
188,mines,"3 mines, 16 picks",0.99,0.01,5.0848767368119585,25.855971428571433,0.9151603016704726
189,mines,"2 mines, 20 picks",0.99,0.01,5.331313159063159,28.4229,0.8998432669468858
190,mines,"20 mines, 2 picks",0.99,0.01,5.331313159063159,28.4229,0.8998432669468858
191,wheel,"30 segments, high",0.99,0.01,5.331313159063159,28.4229,0.8998432669468858
192,mines,"10 mines, 6 picks",0.99,0.01,5.8052012487476725,33.700361538461536,0.8691393247525078
193,mines,"6 mines, 10 picks",0.99,0.01,5.8052012487476725,33.700361538461536,0.8691393247525078
194,mines,"14 mines, 4 picks",0.99,0.01,6.048999917341709,36.590399999999995,0.853005697106288
195,mines,"4 mines, 14 picks",0.99,0.01,6.048999917341709,36.590399999999995,0.853005697106288
196,wheel,"40 segments, high",0.99,0.01,6.182548018414415,38.22390000000001,0.8441349717350138
197,mines,"17 mines, 3 picks",0.99,0.01,6.266897728769566,39.274007142857144,0.8385307671167503
198,mines,"3 mines, 17 picks",0.99,0.01,6.266897728769566,39.274007142857144,0.8385307671167503
199,mines,"12 mines, 5 picks",0.99,0.01,6.283346119826478,39.48043846153846,0.8374382501802493
200,mines,"5 mines, 12 picks",0.99,0.01,6.283346119826478,39.48043846153846,0.8374382501802493
201,mines,"7 mines, 9 picks",0.99,0.01,6.340579474852679,40.20294807692307,0.8336382786927987
202,mines,"9 mines, 7 picks",0.99,0.01,6.340579474852679,40.20294807692307,0.8336382786927987
203,mines,"8 mines, 8 picks",0.99,0.01,6.528819213053926,42.625480316742085,0.8211689591555618
204,mines,"2 mines, 21 picks",0.99,0.01,6.930000000000001,48.02490000000001,0.794873628311835
205,mines,"21 mines, 2 picks",0.99,0.01,6.930000000000001,48.02490000000001,0.794873628311835
206,wheel,"50 segments, high",0.99,0.01,6.930000000000001,48.02490000000001,0.794873628311835
207,mines,"11 mines, 6 picks",0.99,0.01,7.537948608923334,56.82066923076923,0.7562301927281184
208,mines,"6 mines, 11 picks",0.99,0.01,7.537948608923334,56.82066923076923,0.7562301927281184
209,mines,"15 mines, 4 picks",0.99,0.01,7.619662534709601,58.05925714285714,0.7511756357373709
210,mines,"4 mines, 15 picks",0.99,0.01,7.619662534709601,58.05925714285714,0.7511756357373709
211,mines,"18 mines, 3 picks",0.99,0.01,7.964073796027472,63.42647142857143,0.730281196632568
212,mines,"3 mines, 18 picks",0.99,0.01,7.964073796027472,63.42647142857143,0.730281196632568
213,mines,"13 mines, 5 picks",0.99,0.01,8.047873942849751,64.768275,0.7253012328222793
214,mines,"5 mines, 13 picks",0.99,0.01,8.047873942849751,64.768275,0.7253012328222793
215,mines,"10 mines, 7 picks",0.99,0.01,8.499070989955767,72.23420769230769,0.6992169239247323
216,mines,"7 mines, 10 picks",0.99,0.01,8.499070989955767,72.23420769230769,0.6992169239247323
217,mines,"8 mines, 9 picks",0.99,0.01,9.021418743958522,81.38599615384616,0.6705885523444679
218,mines,"9 mines, 8 picks",0.99,0.01,9.021418743958522,81.38599615384616,0.6705885523444679
219,mines,"2 mines, 22 picks",0.99,0.01,9.850375627355538,97.02990000000001,0.6285980440113681
220,mines,"22 mines, 2 picks",0.99,0.01,9.850375627355538,97.02990000000001,0.6285980440113681
221,mines,"16 mines, 4 picks",0.99,0.01,9.870097698170397,97.41882857142858,0.6276492118492674
222,mines,"4 mines, 16 picks",0.99,0.01,9.870097698170397,97.41882857142858,0.6276492118492674
223,mines,"12 mines, 6 picks",0.99,0.01,10.008558645171949,100.17124615384616,0.6210517581668795
224,mines,"6 mines, 12 picks",0.99,0.01,10.008558645171949,100.17124615384616,0.6210517581668795
225,mines,"14 mines, 5 picks",0.99,0.01,10.570307469510999,111.73140000000001,0.595405909873014
226,mines,"19 mines, 3 picks",0.99,0.01,10.570307469510999,111.73140000000001,0.595405909873014
227,mines,"3 mines, 19 picks",0.99,0.01,10.570307469510999,111.73140000000001,0.595405909873014
228,mines,"5 mines, 14 picks",0.99,0.01,10.570307469510999,111.73140000000001,0.595405909873014
229,mines,"11 mines, 7 picks",0.99,0.01,11.674618919822477,136.29672692307693,0.5498799166008166
230,mines,"7 mines, 11 picks",0.99,0.01,11.674618919822477,136.29672692307693,0.5498799166008166
231,mines,"10 mines, 8 picks",0.99,0.01,12.796565645035088,163.75209230769227,0.5094984076485536
232,mines,"8 mines, 10 picks",0.99,0.01,12.796565645035088,163.75209230769227,0.5094984076485536
233,mines,"9 mines, 9 picks",0.99,0.01,13.19271974715309,174.0478543269231,0.496485527969144
234,mines,"17 mines, 4 picks",0.99,0.01,13.271698136582652,176.13797142857143,0.4939629833459971
235,mines,"4 mines, 17 picks",0.99,0.01,13.271698136582652,176.13797142857143,0.4939629833459971
236,mines,"13 mines, 6 picks",0.99,0.01,13.670128016957266,186.8724,0.48158534191439006
237,mines,"6 mines, 13 picks",0.99,0.01,13.670128016957266,186.8724,0.48158534191439006
238,mines,"15 mines, 5 picks",0.99,0.01,14.340768807842904,205.65765,0.4619902445520834
239,mines,"5 mines, 15 picks",0.99,0.01,14.340768807842904,205.65765,0.4619902445520834
240,mines,"20 mines, 3 picks",0.99,0.01,14.98141849091734,224.4429,0.4446043111435978
241,mines,"3 mines, 20 picks",0.99,0.01,14.98141849091734,224.4429,0.4446043111435978
242,mines,"12 mines, 7 picks",0.99,0.01,16.540059064167632,273.57355384615386,0.4070290221128341
243,mines,"7 mines, 12 picks",0.99,0.01,16.540059064167632,273.57355384615386,0.4070290221128341
244,mines,"2 mines, 23 picks",0.99,0.01,17.118700301132677,293.0499,0.39456677216032454
245,mines,"23 mines, 2 picks",0.99,0.01,17.118700301132677,293.0499,0.39456677216032454
246,mines,"11 mines, 8 picks",0.99,0.01,18.762128209375796,352.017454945055,0.3628422219316606
247,mines,"8 mines, 11 picks",0.99,0.01,18.762128209375796,352.017454945055,0.3628422219316606
248,mines,"18 mines, 4 picks",0.99,0.01,18.795106886026023,353.2560428571428,0.3622556372662121
249,mines,"4 mines, 18 picks",0.99,0.01,18.795106886026023,353.2560428571428,0.3622556372662121
250,mines,"14 mines, 6 picks",0.99,0.01,19.357812376402453,374.7249,0.35252071849130684
251,mines,"6 mines, 14 picks",0.99,0.01,19.357812376402453,374.7249,0.35252071849130684
252,mines,"10 mines, 9 picks",0.99,0.01,19.97708175896559,399.0837956043957,0.34237410785356137
253,mines,"9 mines, 10 picks",0.99,0.01,19.97708175896559,399.0837956043957,0.34237410785356137
254,mines,"16 mines, 5 picks",0.99,0.01,20.30505848304801,412.29540000000003,0.3372255141144469
255,mines,"5 mines, 16 picks",0.99,0.01,20.30505848304801,412.29540000000003,0.3372255141144469
256,mines,"21 mines, 3 picks",0.99,0.01,23.718714130407662,562.5774000000001,0.29139229569651626
257,mines,"3 mines, 21 picks",0.99,0.01,23.718714130407662,562.5774000000001,0.29139229569651626
258,mines,"13 mines, 7 picks",0.99,0.01,24.369779440938732,593.88615,0.2839985018330261
259,mines,"7 mines, 13 picks",0.99,0.01,24.369779440938732,593.88615,0.2839985018330261
260,mines,"12 mines, 8 picks",0.99,0.01,28.68241380251079,822.6808615384615,0.2430033878483826
261,mines,"8 mines, 12 picks",0.99,0.01,28.68241380251079,822.6808615384615,0.2430033878483826
262,mines,"15 mines, 6 picks",0.99,0.01,28.73274960737312,825.5709000000002,0.2425935694338649
263,mines,"19 mines, 4 picks",0.99,0.01,28.73274960737312,825.5709000000002,0.2425935694338649
264,mines,"4 mines, 19 picks",0.99,0.01,28.73274960737312,825.5709000000002,0.2425935694338649
265,mines,"6 mines, 15 picks",0.99,0.01,28.73274960737312,825.5709000000002,0.2425935694338649
266,mines,"17 mines, 5 picks",0.99,0.01,30.477693072147044,928.889775,0.2291830415510694
267,mines,"5 mines, 17 picks",0.99,0.01,30.477693072147044,928.889775,0.2291830415510694
268,mines,"11 mines, 9 picks",0.99,0.01,31.60980289421288,999.1796390109889,0.22123820755387458
269,mines,"9 mines, 11 picks",0.99,0.01,31.60980289421288,999.1796390109889,0.22123820755387458
270,mines,"10 mines, 10 picks",0.99,0.01,32.64746475524638,1065.8569549450547,0.21441955603202323
271,mines,"14 mines, 7 picks",0.99,0.01,37.771667953639536,1426.6988999999999,0.18604902829972847
272,mines,"7 mines, 14 picks",0.99,0.01,37.771667953639536,1426.6988999999999,0.18604902829972847
273,mines,"16 mines, 6 picks",0.99,0.01,45.44664344041262,2065.3973999999994,0.15520618263092512
274,mines,"6 mines, 16 picks",0.99,0.01,45.44664344041262,2065.3973999999994,0.15520618263092512
275,mines,"13 mines, 8 picks",0.99,0.01,46.26595292436977,2140.5384,0.15250388513351243
276,mines,"8 mines, 13 picks",0.99,0.01,46.26595292436977,2140.5384,0.15250388513351243
277,mines,"22 mines, 3 picks",0.99,0.01,47.468409495157935,2253.2499000000003,0.14870312698859256
278,mines,"3 mines, 22 picks",0.99,0.01,47.468409495157935,2253.2499000000003,0.14870312698859256
279,mines,"18 mines, 5 picks",0.99,0.01,49.786272204293425,2478.6729,0.14188432560266762
280,mines,"20 mines, 4 picks",0.99,0.01,49.786272204293425,2478.6729,0.14188432560266762
281,mines,"4 mines, 20 picks",0.99,0.01,49.786272204293425,2478.6729,0.14188432560266762
282,mines,"5 mines, 18 picks",0.99,0.01,49.786272204293425,2478.6729,0.14188432560266762
283,mines,"12 mines, 9 picks",0.99,0.01,52.90999120422124,2799.4671692307693,0.13362250583861346
284,mines,"9 mines, 12 picks",0.99,0.01,52.90999120422124,2799.4671692307693,0.13362250583861346
285,mines,"10 mines, 11 picks",0.99,0.01,56.564397502626726,3199.5310648351647,0.12509614722925488
286,mines,"11 mines, 10 picks",0.99,0.01,56.564397502626726,3199.5310648351647,0.12509614722925488
287,mines,"15 mines, 7 picks",0.99,0.01,62.650914997308696,3925.1371499999996,0.11307193253151904
288,mines,"7 mines, 15 picks",0.99,0.01,62.650914997308696,3925.1371499999996,0.11307193253151904
289,mines,"17 mines, 6 picks",0.99,0.01,78.72834559420133,6198.1524,0.090159260770172
290,mines,"6 mines, 17 picks",0.99,0.01,78.72834559420133,6198.1524,0.090159260770172
291,mines,"14 mines, 8 picks",0.99,0.01,80.14721080611602,6423.575400000001,0.0885744457749682
292,mines,"8 mines, 14 picks",0.99,0.01,80.14721080611602,6423.575400000001,0.0885744457749682
293,mines,"19 mines, 5 picks",0.99,0.01,93.15473900988613,8677.805400000001,0.07627883504103727
294,mines,"5 mines, 19 picks",0.99,0.01,93.15473900988613,8677.805400000001,0.07627883504103727
295,mines,"13 mines, 9 picks",0.99,0.01,95.39640205479449,9100.473525,0.07449621175946186
296,mines,"9 mines, 13 picks",0.99,0.01,95.39640205479449,9100.473525,0.07449621175946186
297,mines,"10 mines, 12 picks",0.99,0.01,105.83387443027435,11200.80897692308,0.06718452229049299
298,mines,"12 mines, 10 picks",0.99,0.01,105.83387443027435,11200.80897692308,0.06718452229049299
299,mines,"11 mines, 11 picks",0.99,0.01,109.54878715956589,12000.936768131869,0.06491645431410298
300,mines,"21 mines, 4 picks",0.99,0.01,111.34309543029599,12397.284899999999,0.06387488805438468
301,mines,"4 mines, 21 picks",0.99,0.01,111.34309543029599,12397.284899999999,0.06387488805438468
302,mines,"16 mines, 7 picks",0.99,0.01,114.394394093417,13086.0774,0.06217830122693346
303,mines,"7 mines, 16 picks",0.99,0.01,114.394394093417,13086.0774,0.06217830122693346
304,mines,"15 mines, 8 picks",0.99,0.01,153.47873924423538,23555.7234,0.046391050818727964
305,mines,"8 mines, 15 picks",0.99,0.01,153.47873924423538,23555.7234,0.046391050818727964
306,mines,"18 mines, 6 picks",0.99,0.01,157.46602776472136,24795.549899999998,0.04521953896491859
307,mines,"6 mines, 18 picks",0.99,0.01,157.46602776472136,24795.549899999998,0.04521953896491859
308,mines,"14 mines, 9 picks",0.99,0.01,190.80050943328217,36404.8344,0.03733636614266156
309,mines,"9 mines, 14 picks",0.99,0.01,190.80050943328217,36404.8344,0.03733636614266156
310,mines,"10 mines, 13 picks",0.99,0.01,220.31819239454558,48540.1059,0.03234302199480488
311,mines,"13 mines, 10 picks",0.99,0.01,220.31819239454558,48540.1059,0.03234302199480488
312,mines,"20 mines, 5 picks",0.99,0.01,228.19231560243216,52071.7329,0.031228843573102072
313,mines,"5 mines, 20 picks",0.99,0.01,228.19231560243216,52071.7329,0.031228843573102072
314,mines,"11 mines, 12 picks",0.99,0.01,236.6600204610305,56007.965284615384,0.030113259593039565
315,mines,"12 mines, 11 picks",0.99,0.01,236.6600204610305,56007.965284615384,0.030113259593039565
316,mines,"17 mines, 7 picks",0.99,0.01,242.67422329122638,58890.77865,0.029368115417165663
317,mines,"7 mines, 17 picks",0.99,0.01,242.67422329122638,58890.77865,0.029368115417165663
318,mines,"16 mines, 8 picks",0.99,0.01,343.1946057268383,117782.53739999999,0.020775337206496935
319,mines,"8 mines, 16 picks",0.99,0.01,343.1946057268383,117782.53739999999,0.020775337206496935
320,mines,"19 mines, 6 picks",0.99,0.01,416.6230069259258,173574.7299,0.017116747946642308
321,mines,"6 mines, 19 picks",0.99,0.01,416.6230069259258,173574.7299,0.017116747946642308
322,mines,"15 mines, 9 picks",0.99,0.01,447.4717864290441,200230.99965000004,0.015937594416241874
323,mines,"9 mines, 15 picks",0.99,0.01,447.4717864290441,200230.99965000004,0.015937594416241874
324,mines,"10 mines, 14 picks",0.99,0.01,539.6716926984406,291245.5359000001,0.013216393407413873
325,mines,"14 mines, 10 picks",0.99,0.01,539.6716926984406,291245.5359000001,0.013216393407413873
326,mines,"11 mines, 13 picks",0.99,0.01,603.3714982496273,364057.1649,0.011821837944511748
327,mines,"13 mines, 11 picks",0.99,0.01,603.3714982496273,364057.1649,0.011821837944511748
328,mines,"12 mines, 12 picks",0.99,0.01,626.1482552816926,392061.6375923077,0.011392024848726034
329,mines,"18 mines, 7 picks",0.99,0.01,686.3913533109228,471133.0899,0.010392630005356729
330,mines,"7 mines, 18 picks",0.99,0.01,686.3913533109228,471133.0899,0.010392630005356729
331,mines,"17 mines, 8 picks",0.99,0.01,1029.58762492563,1060050.6774,0.006929451785929519
332,mines,"8 mines, 17 picks",0.99,0.01,1029.58762492563,1060050.6774,0.006929451785929519
333,mines,"16 mines, 9 picks",0.99,0.01,1415.0331506364082,2002318.8173999998,0.005042314917903412
334,mines,"9 mines, 16 picks",0.99,0.01,1415.0331506364082,2002318.8173999998,0.005042314917903412
335,mines,"10 mines, 15 picks",0.99,0.01,1789.8912525346338,3203710.6959000006,0.003986473411419
336,mines,"15 mines, 10 picks",0.99,0.01,1789.8912525346338,3203710.6959000006,0.003986473411419
337,mines,"11 mines, 14 picks",0.99,0.01,2090.1427606505736,4368696.759900001,0.003413891746229858
338,mines,"14 mines, 11 picks",0.99,0.01,2090.1427606505736,4368696.759900001,0.003413891746229858
339,mines,"12 mines, 13 picks",0.99,0.01,2257.612245249392,5096813.0499,0.0031606821560262732
340,mines,"13 mines, 12 picks",0.99,0.01,2257.612245249392,5096813.0499,0.0031606821560262732
341,crash,cashout 1.2x,0.9899999999441206,0.010000000055879421,0.4559605246549157,0.207900000043586,1.0
342,crash,cashout 1.1x,0.9899999998975546,0.010000000102445394,0.3300000001365939,0.10890000009015198,1.0
343,crash,cashout 1.5x,0.9899999998742715,0.010000000125728548,0.7105631569820868,0.5049000000603497,1.0
344,crash,cashout 1.01x,0.9899999998463318,0.010000000153668198,0.14071247332435752,0.019800000149058024,1.0
345,crash,cashout 2x,0.9899999997578561,0.01000000024214387,0.9999499987475159,0.999899999995157,1.0
346,crash,cashout 3x,0.9899999995250255,0.010000000474974513,1.4106381532893282,1.9898999995155262,0.999999999382099
347,crash,cashout 5x,0.9899999992921948,0.010000000707805157,1.9924607895420248,3.9698999978624285,0.9999882287678666
348,crash,cashout 10x,0.9899999992921948,0.010000000707805157,2.9866201623781023,8.919899994323403,0.9965714475242581
349,crash,cashout 100x,0.989999994635582,0.01000000536441803,9.900499960819138,98.01989947417975,0.6261910126331564
350,crash,cashout 1000x,0.9899998549371958,0.010000145062804222,31.448684475259377,989.0197552244201,0.2223355150414359
351,plinko,"low, 13 rows",0.989990234375,0.010009765625,0.47045772249441564,0.2213304686546326,1.0
352,keno,"high, 6 picks",0.9899879636721742,0.010012036327825801,16.454570230966063,270.75288148579455,0.40892847004037025
353,plinko,"low, 16 rows",0.9899871826171875,0.0100128173828125,0.3319193191214202,0.11017043440602718,1.0
354,plinko,"medium, 15 rows",0.989984130859375,0.010015869140625,1.5589222005868495,2.4302384274825455,0.9999999783001045
355,plinko,"medium, 13 rows",0.98994140625,0.01005859375,1.3556455293528145,1.8377748012542725,0.9999999998769347
356,plinko,"medium, 14 rows",0.98994140625,0.01005859375,1.3623338475541789,1.8559535121917727,0.9999999998485837
357,plinko,"medium, 12 rows",0.989892578125,0.010107421875,1.2876821731644579,1.6581253790855408,0.9999999999874716
358,plinko,"medium, 16 rows",0.9898834228515625,0.0101165771484375,1.4672407092599933,2.1527952989097683,0.9999999972472908
359,keno,"medium, 3 picks",0.9898785425101214,0.010121457489878543,5.5186744786626445,30.45576800144241,0.8877671541522644
360,keno,"high, 3 picks",0.9898785425101214,0.010121457489878543,8.927219146276904,79.69524168565295,0.6755285689455057
361,keno,"classic, 5 picks",0.9898580260422366,0.010141973957763431,2.006716771109383,4.026912199451668,0.9999863368426892
362,plinko,"low, 9 rows",0.98984375,0.01015625,0.46111953502962494,0.2126312255859375,1.0
363,plinko,"low, 8 rows",0.98984375,0.01015625,0.558015434899374,0.3113812255859375,1.0
364,keno,"classic, 7 picks",0.989815351789036,0.010184648210964,1.7635761095111564,3.1102006940385065,0.999999246781131
365,plinko,"low, 12 rows",0.989794921875,0.010205078125,0.38792612272565846,0.15048667669296262,1.0
366,plinko,"high, 14 rows",0.98978271484375,0.01021728515625,5.577546087926429,31.109020362943408,0.8838821246380121
367,plinko,"high, 16 rows",0.989764404296875,0.010235595703125,6.565305127274835,43.103231414221234,0.8185642441835485
368,keno,"classic, 9 picks",0.989753395713148,0.010246604286851965,1.826752217603022,3.3370236645175586,0.999998208139178
369,keno,"medium, 10 picks",0.9897431463270872,0.010256853672912796,1.4374489304914708,2.0662594277710733,0.9999999986939748
370,keno,"classic, 6 picks",0.9896651712441186,0.010334828755881388,1.6883954729099382,2.8506792729427737,0.9999997597040013
371,keno,"high, 9 picks",0.9896445596909993,0.01035544030900068,8.032918087407937,64.52777299900559,0.7258894437875434
372,keno,"medium, 7 picks",0.9896178626828782,0.010382137317121837,8.089820225753275,65.44519128500677,0.722504923995738
373,keno,"high, 7 picks",0.9896178626828782,0.010382137317121837,10.347657794411544,107.07402183024598,0.6050808341634473
374,keno,"classic, 4 picks",0.9896049896049897,0.010395010395010396,1.4652842508065531,2.1470579356617217,0.9999999973102535
375,keno,"high, 8 picks",0.9895710514905561,0.010428948509443866,10.49438781304349,110.13217557055573,0.5984602807120155
376,video_poker,Stake Jacks or Better,0.989444779444333,0.010555220555667044,4.396812602297481,19.331961059721948,0.9532879447151082
377,keno,"medium, 5 picks",0.9894408578619105,0.010559142138089507,7.807779899949522,60.96142696605577,0.739208263914283
378,baccarat,banker,0.989420942157528,0.010579057842472012,0.9273720217932128,0.8600188668048311,1.0
379,keno,"medium, 9 picks",0.9894201951090495,0.010579804890950402,2.2935212018828715,5.260239503486251,0.9998567402327928
380,keno,"low, 7 picks",0.9893875955021466,0.010612404497853414,4.693938575603281,22.033059351536558,0.9376071781198314
381,keno,"medium, 8 picks",0.9892363514654536,0.010763648534546368,4.001736099249011,16.01389180803269,0.970973720618949
382,keno,"low, 4 picks",0.989222015537805,0.010777984462194988,4.596639999534335,21.12909928531901,0.9428324320077829
383,plinko,"medium, 10 rows",0.9890625,0.0109375,1.2055363416727636,1.4533178710937502,0.9999999999994802
384,plinko,"medium, 8 rows",0.9890625,0.0109375,1.237893521710874,1.53238037109375,0.9999999999979562
385,keno,"high, 4 picks",0.9890578837947259,0.0109421162052741,12.534058669930522,157.10262674126048,0.5178926617386271
386,keno,"low, 5 picks",0.9890305285042127,0.010969471495787286,6.093575615575995,37.131663782742365,0.8492742949465278
387,keno,"high, 5 picks",0.9888937520516468,0.011106247948353212,10.011996976490394,100.2400834572528,0.6200624599412707
388,keno,"low, 3 picks",0.988663967611336,0.011336032388663968,2.833024777354855,8.026029389106526,0.9978939903259224
389,keno,"low, 2 picks",0.9884615384615385,0.011538461538461539,1.1808819790820377,1.3944822485207102,0.9999999999998153
390,keno,"medium, 6 picks",0.9883466462413831,0.011653353758616916,9.66888208459024,93.48728076571011,0.6361701539408651
391,keno,"medium, 4 picks",0.9878268957216325,0.012173104278367436,5.153718904975219,26.56081855149897,0.909502187550441
392,baccarat,player,0.9876491867108339,0.012350813289166138,0.9511527161226297,0.9046914893874559,1.0
393,keno,"low, 10 picks",0.9875973711730978,0.012402628826902271,0.6803148121577203,0.46282824364119424,1.0
394,keno,"low, 1 picks",0.9875,0.0125,0.49796460717605223,0.24796875000000002,1.0
395,keno,"medium, 1 picks",0.9875,0.0125,1.0175798494467154,1.03546875,1.0
396,keno,"medium, 2 picks",0.9865384615384616,0.013461538461538462,1.331717925514294,1.7734726331360944,0.9999999999170208
397,keno,"high, 2 picks",0.9865384615384616,0.013461538461538462,3.9870477243460503,15.896549556213017,0.9705991011315314
398,roulette,black,0.972972972972973,0.02702702702702703,0.9996347031841584,0.9992695398100804,0.9999999999999999
399,roulette,even,0.972972972972973,0.02702702702702703,0.9996347031841584,0.9992695398100804,0.9999999999999999
400,roulette,high,0.972972972972973,0.02702702702702703,0.9996347031841584,0.9992695398100804,0.9999999999999999
401,roulette,low,0.972972972972973,0.02702702702702703,0.9996347031841584,0.9992695398100804,0.9999999999999999
402,roulette,odd,0.972972972972973,0.02702702702702703,0.9996347031841584,0.9992695398100804,0.9999999999999999
403,roulette,red,0.972972972972973,0.02702702702702703,0.9996347031841584,0.9992695398100804,0.9999999999999999
404,roulette,column 1,0.972972972972973,0.02702702702702703,1.404365519650441,1.9722425127830532,0.9999999972992886
405,roulette,dozen 1,0.972972972972973,0.02702702702702703,1.404365519650441,1.9722425127830532,0.9999999972992886
406,roulette,line 16-17-18-19-20-21,0.972972972972973,0.02702702702702703,2.2115970319436524,4.891161431701973,0.9998467630468811
407,roulette,corner 16-17-19-20,0.972972972972973,0.02702702702702703,2.794652098315798,7.810080350620892,0.9973137546874278
408,roulette,street 16-17-18,0.972972972972973,0.02702702702702703,3.275515115144458,10.72899926953981,0.9896849817156245
409,roulette,split 17-20,0.972972972972973,0.02702702702702703,4.070237966922529,16.566837107377644,0.9615458238186126
410,roulette,straight 17,0.972972972972973,0.02702702702702703,5.837837837837838,34.08035062089116,0.8534607540148844
411,slots,Atkins Diet (WoO par sheet),0.9704576902097589,0.029542309790241084,4.4539946109470385,19.838067994345263,0.9403812485822278
412,baccarat,tie,0.8564037122127617,0.14359628778723826,2.640872221752324,6.9742060916230555,0.9771659926982129
